PSP,Success_Probability
UK_Card,0.19430166542471256
Simplecard,0.15807664988485282
Moneycard,0.21857689836566285
Goldcard,0.4098637656311252
