PSP,Success_Probability
UK_Card,0.19435338555921408
Simplecard,0.15815915463503616
Moneycard,0.2187377279442544
Goldcard,0.4101512130442115
